onset	duration	trial_type	value	sample
4.5	n/a	NonTarget	1	1152
4.75	n/a	NonTarget	1	1216
5.0	n/a	NonTarget	1	1280
5.25	n/a	NonTarget	1	1344
5.5	n/a	NonTarget	1	1408
5.75	n/a	NonTarget	1	1472
6.0	n/a	NonTarget	1	1536
6.25	n/a	NonTarget	1	1600
6.5	n/a	NonTarget	1	1664
6.75	n/a	Target	2	1728
7.0	n/a	NonTarget	1	1792
7.25	n/a	NonTarget	1	1856
7.5	n/a	NonTarget	1	1920
7.75	n/a	NonTarget	1	1984
8.0	n/a	NonTarget	1	2048
8.25	n/a	NonTarget	1	2112
8.5	n/a	Target	2	2176
8.75	n/a	NonTarget	1	2240
9.0	n/a	NonTarget	1	2304
9.25	n/a	NonTarget	1	2368
9.5	n/a	NonTarget	1	2432
9.75	n/a	NonTarget	1	2496
10.0	n/a	NonTarget	1	2560
10.25	n/a	NonTarget	1	2624
10.5	n/a	NonTarget	1	2688
10.75	n/a	NonTarget	1	2752
11.0	n/a	Target	2	2816
11.25	n/a	NonTarget	1	2880
11.5	n/a	NonTarget	1	2944
11.75	n/a	NonTarget	1	3008
15.5	n/a	NonTarget	1	3968
15.75	n/a	NonTarget	1	4032
16.0	n/a	NonTarget	1	4096
16.25	n/a	NonTarget	1	4160
16.5	n/a	NonTarget	1	4224
16.75	n/a	NonTarget	1	4288
17.0	n/a	NonTarget	1	4352
17.25	n/a	NonTarget	1	4416
17.5	n/a	NonTarget	1	4480
17.75	n/a	Target	2	4544
18.0	n/a	NonTarget	1	4608
18.25	n/a	NonTarget	1	4672
18.5	n/a	NonTarget	1	4736
18.75	n/a	NonTarget	1	4800
19.0	n/a	NonTarget	1	4864
19.25	n/a	NonTarget	1	4928
19.5	n/a	NonTarget	1	4992
19.75	n/a	Target	2	5056
20.0	n/a	NonTarget	1	5120
20.25	n/a	NonTarget	1	5184
20.5	n/a	NonTarget	1	5248
20.75	n/a	NonTarget	1	5312
21.0	n/a	NonTarget	1	5376
21.25	n/a	NonTarget	1	5440
21.5	n/a	NonTarget	1	5504
21.75	n/a	Target	2	5568
22.0	n/a	NonTarget	1	5632
22.25	n/a	NonTarget	1	5696
22.5	n/a	NonTarget	1	5760
22.75	n/a	NonTarget	1	5824
23.0	n/a	NonTarget	1	5888
23.25	n/a	NonTarget	1	5952
23.5	n/a	NonTarget	1	6016
23.75	n/a	Target	2	6080
24.0	n/a	NonTarget	1	6144
24.25	n/a	NonTarget	1	6208
24.5	n/a	NonTarget	1	6272
24.75	n/a	NonTarget	1	6336
25.0	n/a	NonTarget	1	6400
25.25	n/a	NonTarget	1	6464
25.5	n/a	NonTarget	1	6528
25.75	n/a	NonTarget	1	6592
26.0	n/a	NonTarget	1	6656
26.25	n/a	NonTarget	1	6720
26.5	n/a	NonTarget	1	6784
26.75	n/a	Target	2	6848
27.0	n/a	NonTarget	1	6912
27.25	n/a	NonTarget	1	6976
27.5	n/a	NonTarget	1	7040
27.75	n/a	NonTarget	1	7104
28.0	n/a	NonTarget	1	7168
28.25	n/a	NonTarget	1	7232
28.5	n/a	NonTarget	1	7296
28.75	n/a	Target	2	7360
29.0	n/a	NonTarget	1	7424
29.25	n/a	NonTarget	1	7488
29.5	n/a	NonTarget	1	7552
29.75	n/a	NonTarget	1	7616
30.0	n/a	NonTarget	1	7680
30.25	n/a	NonTarget	1	7744
30.5	n/a	NonTarget	1	7808
30.75	n/a	Target	2	7872
31.0	n/a	NonTarget	1	7936
31.25	n/a	NonTarget	1	8000
31.5	n/a	NonTarget	1	8064
31.75	n/a	NonTarget	1	8128
32.0	n/a	NonTarget	1	8192
32.25	n/a	NonTarget	1	8256
32.5	n/a	NonTarget	1	8320
32.75	n/a	NonTarget	1	8384
33.0	n/a	Target	2	8448
36.75	n/a	NonTarget	1	9408
37.0	n/a	NonTarget	1	9472
37.25	n/a	NonTarget	1	9536
37.5	n/a	NonTarget	1	9600
37.75	n/a	NonTarget	1	9664
38.0	n/a	NonTarget	1	9728
38.25	n/a	Target	2	9792
38.5	n/a	NonTarget	1	9856
38.75	n/a	NonTarget	1	9920
39.0	n/a	NonTarget	1	9984
39.25	n/a	NonTarget	1	10048
39.5	n/a	NonTarget	1	10112
39.75	n/a	NonTarget	1	10176
40.0	n/a	NonTarget	1	10240
40.25	n/a	Target	2	10304
40.5	n/a	NonTarget	1	10368
40.75	n/a	NonTarget	1	10432
41.0	n/a	NonTarget	1	10496
41.25	n/a	NonTarget	1	10560
41.5	n/a	NonTarget	1	10624
41.75	n/a	NonTarget	1	10688
42.0	n/a	NonTarget	1	10752
42.25	n/a	NonTarget	1	10816
42.5	n/a	NonTarget	1	10880
42.75	n/a	NonTarget	1	10944
43.0	n/a	Target	2	11008
43.25	n/a	NonTarget	1	11072
43.5	n/a	NonTarget	1	11136
43.75	n/a	NonTarget	1	11200
44.0	n/a	NonTarget	1	11264
44.25	n/a	NonTarget	1	11328
44.5	n/a	NonTarget	1	11392
44.75	n/a	NonTarget	1	11456
45.0	n/a	NonTarget	1	11520
45.25	n/a	NonTarget	1	11584
45.5	n/a	Target	2	11648
45.75	n/a	NonTarget	1	11712
46.0	n/a	NonTarget	1	11776
46.25	n/a	NonTarget	1	11840
50.0	n/a	NonTarget	1	12800
50.25	n/a	NonTarget	1	12864
50.5	n/a	NonTarget	1	12928
50.75	n/a	NonTarget	1	12992
51.0	n/a	NonTarget	1	13056
51.25	n/a	Target	2	13120
51.5	n/a	NonTarget	1	13184
51.75	n/a	NonTarget	1	13248
52.0	n/a	NonTarget	1	13312
52.25	n/a	NonTarget	1	13376
52.5	n/a	NonTarget	1	13440
52.75	n/a	NonTarget	1	13504
53.0	n/a	NonTarget	1	13568
53.25	n/a	NonTarget	1	13632
53.5	n/a	Target	2	13696
53.75	n/a	NonTarget	1	13760
54.0	n/a	NonTarget	1	13824
54.25	n/a	NonTarget	1	13888
54.5	n/a	NonTarget	1	13952
54.75	n/a	NonTarget	1	14016
55.0	n/a	NonTarget	1	14080
55.25	n/a	NonTarget	1	14144
55.5	n/a	NonTarget	1	14208
55.75	n/a	NonTarget	1	14272
56.0	n/a	NonTarget	1	14336
56.25	n/a	Target	2	14400
56.5	n/a	NonTarget	1	14464
56.75	n/a	NonTarget	1	14528
57.0	n/a	NonTarget	1	14592
57.25	n/a	NonTarget	1	14656
57.5	n/a	NonTarget	1	14720
57.75	n/a	NonTarget	1	14784
58.0	n/a	NonTarget	1	14848
58.25	n/a	NonTarget	1	14912
58.5	n/a	Target	2	14976
58.75	n/a	NonTarget	1	15040
59.0	n/a	NonTarget	1	15104
59.25	n/a	NonTarget	1	15168
59.5	n/a	NonTarget	1	15232
59.75	n/a	NonTarget	1	15296
60.0	n/a	NonTarget	1	15360
60.25	n/a	Target	2	15424
60.5	n/a	NonTarget	1	15488
60.75	n/a	NonTarget	1	15552
61.0	n/a	NonTarget	1	15616
61.25	n/a	NonTarget	1	15680
61.5	n/a	NonTarget	1	15744
61.75	n/a	NonTarget	1	15808
62.0	n/a	NonTarget	1	15872
62.25	n/a	NonTarget	1	15936
62.5	n/a	Target	2	16000
62.75	n/a	NonTarget	1	16064
63.0	n/a	NonTarget	1	16128
63.25	n/a	NonTarget	1	16192
67.0	n/a	NonTarget	1	17152
67.25	n/a	NonTarget	1	17216
67.5	n/a	NonTarget	1	17280
67.75	n/a	NonTarget	1	17344
68.0	n/a	NonTarget	1	17408
68.25	n/a	NonTarget	1	17472
68.5	n/a	Target	2	17536
68.75	n/a	NonTarget	1	17600
69.0	n/a	NonTarget	1	17664
69.25	n/a	NonTarget	1	17728
69.5	n/a	NonTarget	1	17792
69.75	n/a	NonTarget	1	17856
70.0	n/a	NonTarget	1	17920
70.25	n/a	NonTarget	1	17984
70.5	n/a	NonTarget	1	18048
70.75	n/a	Target	2	18112
71.0	n/a	NonTarget	1	18176
71.25	n/a	NonTarget	1	18240
71.5	n/a	NonTarget	1	18304
71.75	n/a	NonTarget	1	18368
72.0	n/a	NonTarget	1	18432
72.25	n/a	NonTarget	1	18496
72.5	n/a	NonTarget	1	18560
72.75	n/a	Target	2	18624
73.0	n/a	NonTarget	1	18688
73.25	n/a	NonTarget	1	18752
73.5	n/a	NonTarget	1	18816
73.75	n/a	NonTarget	1	18880
74.0	n/a	NonTarget	1	18944
74.25	n/a	NonTarget	1	19008
74.5	n/a	NonTarget	1	19072
74.75	n/a	NonTarget	1	19136
75.0	n/a	Target	2	19200
75.25	n/a	NonTarget	1	19264
75.5	n/a	NonTarget	1	19328
75.75	n/a	NonTarget	1	19392
76.0	n/a	NonTarget	1	19456
76.25	n/a	NonTarget	1	19520
76.5	n/a	NonTarget	1	19584
76.75	n/a	NonTarget	1	19648
77.0	n/a	NonTarget	1	19712
77.25	n/a	Target	2	19776
77.5	n/a	NonTarget	1	19840
77.75	n/a	NonTarget	1	19904
78.0	n/a	NonTarget	1	19968
78.25	n/a	NonTarget	1	20032
78.5	n/a	NonTarget	1	20096
82.25	n/a	Target	2	21056
82.5	n/a	NonTarget	1	21120
82.75	n/a	NonTarget	1	21184
83.0	n/a	NonTarget	1	21248
83.25	n/a	NonTarget	1	21312
83.5	n/a	NonTarget	1	21376
83.75	n/a	NonTarget	1	21440
84.0	n/a	NonTarget	1	21504
84.25	n/a	NonTarget	1	21568
84.5	n/a	NonTarget	1	21632
84.75	n/a	NonTarget	1	21696
85.0	n/a	NonTarget	1	21760
85.25	n/a	Target	2	21824
85.5	n/a	NonTarget	1	21888
85.75	n/a	NonTarget	1	21952
86.0	n/a	NonTarget	1	22016
86.25	n/a	NonTarget	1	22080
86.5	n/a	NonTarget	1	22144
86.75	n/a	NonTarget	1	22208
87.0	n/a	NonTarget	1	22272
87.25	n/a	NonTarget	1	22336
87.5	n/a	NonTarget	1	22400
87.75	n/a	Target	2	22464
88.0	n/a	NonTarget	1	22528
88.25	n/a	NonTarget	1	22592
88.5	n/a	NonTarget	1	22656
88.75	n/a	NonTarget	1	22720
89.0	n/a	NonTarget	1	22784
89.25	n/a	NonTarget	1	22848
89.5	n/a	Target	2	22912
89.75	n/a	NonTarget	1	22976
90.0	n/a	NonTarget	1	23040
90.25	n/a	NonTarget	1	23104
90.5	n/a	NonTarget	1	23168
90.75	n/a	NonTarget	1	23232
91.0	n/a	NonTarget	1	23296
91.25	n/a	NonTarget	1	23360
91.5	n/a	Target	2	23424
91.75	n/a	NonTarget	1	23488
92.0	n/a	NonTarget	1	23552
92.25	n/a	NonTarget	1	23616
92.5	n/a	NonTarget	1	23680
92.75	n/a	NonTarget	1	23744
93.0	n/a	NonTarget	1	23808
93.25	n/a	NonTarget	1	23872
93.5	n/a	NonTarget	1	23936
93.75	n/a	NonTarget	1	24000
94.0	n/a	NonTarget	1	24064
94.25	n/a	Target	2	24128
94.5	n/a	NonTarget	1	24192
94.75	n/a	NonTarget	1	24256
95.0	n/a	NonTarget	1	24320
95.25	n/a	NonTarget	1	24384
95.5	n/a	NonTarget	1	24448
95.75	n/a	Target	2	24512
96.0	n/a	NonTarget	1	24576
96.25	n/a	NonTarget	1	24640
96.5	n/a	NonTarget	1	24704
96.75	n/a	NonTarget	1	24768
97.0	n/a	NonTarget	1	24832
97.25	n/a	NonTarget	1	24896
97.5	n/a	NonTarget	1	24960
97.75	n/a	NonTarget	1	25024
98.0	n/a	NonTarget	1	25088
98.25	n/a	NonTarget	1	25152
98.5	n/a	Target	2	25216
98.75	n/a	NonTarget	1	25280
99.0	n/a	NonTarget	1	25344
99.25	n/a	NonTarget	1	25408
99.5	n/a	NonTarget	1	25472
99.75	n/a	NonTarget	1	25536
100.0	n/a	NonTarget	1	25600
100.25	n/a	NonTarget	1	25664
100.5	n/a	NonTarget	1	25728
100.75	n/a	NonTarget	1	25792
101.0	n/a	Target	2	25856
101.25	n/a	NonTarget	1	25920
101.5	n/a	NonTarget	1	25984
101.75	n/a	NonTarget	1	26048
102.0	n/a	NonTarget	1	26112
102.25	n/a	NonTarget	1	26176
